{
  "rocket-control-unit": {
    "amount": 1,
    "ingredients": {
      "processing-unit": {
        "amount": 0.3333333333333333,
        "ingredients": {
          "electronic-circuit": {
            "amount": 0.6666666666666666,
            "ingredients": {
              "iron-plate": {
                "amount": 4.266666666666667,
                "ingredients": {
                  "iron-ore": {
                    "amount": 1.3333333333333333,
                    "ingredients": null
                  }
                }
              },
              "copper-cable": {
                "amount": 5.333333333333333,
                "ingredients": {
                  "copper-plate": {
                    "amount": 17.066666666666666,
                    "ingredients": {
                      "copper-ore": {
                        "amount": 5.333333333333333,
                        "ingredients": null
                      }
                    }
                  }
                }
              }
            }
          },
          "advanced-circuit": {
            "amount": 0.39999999999999997,
            "ingredients": {
              "electronic-circuit": {
                "amount": 0.1333333333333333,
                "ingredients": {
                  "iron-plate": {
                    "amount": 0.8533333333333332,
                    "ingredients": {
                      "iron-ore": {
                        "amount": 0.2666666666666666,
                        "ingredients": null
                      }
                    }
                  },
                  "copper-cable": {
                    "amount": 1.0666666666666664,
                    "ingredients": {
                      "copper-plate": {
                        "amount": 3.4133333333333327,
                        "ingredients": {
                          "copper-ore": {
                            "amount": 1.0666666666666664,
                            "ingredients": null
                          }
                        }
                      }
                    }
                  }
                }
              },
              "plastic-bar": {
                "amount": 0.2666666666666666,
                "ingredients": {
                  "petroleum-gas": {
                    "amount": 5.333333333333332,
                    "ingredients": null
                  },
                  "coal": {
                    "amount": 0.2666666666666666,
                    "ingredients": null
                  }
                }
              },
              "copper-cable": {
                "amount": 0.5333333333333332,
                "ingredients": {
                  "copper-plate": {
                    "amount": 1.7066666666666663,
                    "ingredients": {
                      "copper-ore": {
                        "amount": 0.5333333333333332,
                        "ingredients": null
                      }
                    }
                  }
                }
              }
            }
          },
          "sulfuric-acid": {
            "amount": 0.3333333333333333,
            "ingredients": {
              "sulfur": {
                "amount": 1.6666666666666665,
                "ingredients": {
                  "water": {
                    "amount": 49.99999999999999,
                    "ingredients": null
                  },
                  "petroleum-gas": {
                    "amount": 49.99999999999999,
                    "ingredients": null
                  }
                }
              },
              "iron-plate": {
                "amount": 1.0666666666666667,
                "ingredients": {
                  "iron-ore": {
                    "amount": 0.3333333333333333,
                    "ingredients": null
                  }
                }
              },
              "water": {
                "amount": 33.33333333333333,
                "ingredients": null
              }
            }
          }
        }
      },
      "speed-module": {
        "amount": 0.5,
        "ingredients": {
          "advanced-circuit": {
            "amount": 1.0,
            "ingredients": {
              "electronic-circuit": {
                "amount": 0.3333333333333333,
                "ingredients": {
                  "iron-plate": {
                    "amount": 2.1333333333333333,
                    "ingredients": {
                      "iron-ore": {
                        "amount": 0.6666666666666666,
                        "ingredients": null
                      }
                    }
                  },
                  "copper-cable": {
                    "amount": 2.6666666666666665,
                    "ingredients": {
                      "copper-plate": {
                        "amount": 8.533333333333333,
                        "ingredients": {
                          "copper-ore": {
                            "amount": 2.6666666666666665,
                            "ingredients": null
                          }
                        }
                      }
                    }
                  }
                }
              },
              "plastic-bar": {
                "amount": 0.6666666666666666,
                "ingredients": {
                  "petroleum-gas": {
                    "amount": 13.333333333333332,
                    "ingredients": null
                  },
                  "coal": {
                    "amount": 0.6666666666666666,
                    "ingredients": null
                  }
                }
              },
              "copper-cable": {
                "amount": 1.3333333333333333,
                "ingredients": {
                  "copper-plate": {
                    "amount": 4.266666666666667,
                    "ingredients": {
                      "copper-ore": {
                        "amount": 1.3333333333333333,
                        "ingredients": null
                      }
                    }
                  }
                }
              }
            }
          },
          "electronic-circuit": {
            "amount": 0.16666666666666666,
            "ingredients": {
              "iron-plate": {
                "amount": 1.0666666666666667,
                "ingredients": {
                  "iron-ore": {
                    "amount": 0.3333333333333333,
                    "ingredients": null
                  }
                }
              },
              "copper-cable": {
                "amount": 1.3333333333333333,
                "ingredients": {
                  "copper-plate": {
                    "amount": 4.266666666666667,
                    "ingredients": {
                      "copper-ore": {
                        "amount": 1.3333333333333333,
                        "ingredients": null
                      }
                    }
                  }
                }
              }
            }
          }
        }
      }
    }
  }
}