{
  "iron": [
    [
      -47.48138541348794,
      323.30607262740307
    ]
  ],
  "copper": [
    [
      497.4224137931035,
      -295.55172413793105
    ],
    [
      -240.2970297029703,
      -286.11386138613864
    ],
    [
      -301.3453237410072,
      -178.7158273381295
    ],
    [
      -243.78495362418414,
      -148.17021642047408
    ],
    [
      -300.81248389590314,
      -45.068796701880956
    ],
    [
      -484.5,
      -98.5
    ],
    [
      -205.68599033816423,
      -71.71739130434781
    ],
    [
      -81.34662576687117,
      -30.604294478527606
    ],
    [
      -203.0,
      23.683908045977034
    ],
    [
      -306.92,
      36.74000000000001
    ],
    [
      -112.66529351184352,
      68.8954685890834
    ],
    [
      -318.41927710843373,
      65.00602409638554
    ],
    [
      -77.11688311688317,
      59.5
    ],
    [
      -162.83928571428567,
      59.60714285714283
    ],
    [
      -271.95541401273886,
      75.27707006369428
    ],
    [
      -220.77358490566036,
      70.04716981132077
    ],
    [
      -217.91492537313434,
      101.48805970149255
    ],
    [
      -74.86666666666667,
      102.83020833333336
    ],
    [
      -141.34065934065939,
      77.4230769230769
    ],
    [
      -312.51497860199714,
      120.80385164051353
    ],
    [
      -33.97227339719973,
      124.47199705232129
    ],
    [
      -219.9220779220779,
      136.2012987012987
    ],
    [
      -195.07065217391306,
      143.42391304347825
    ],
    [
      -56.33228840125389,
      143.28369905956117
    ],
    [
      -96.29799015586536,
      171.10617480175006
    ],
    [
      -169.8410852713178,
      163.03100775193798
    ],
    [
      178.5,
      324.65172413793107
    ],
    [
      358.58902077151333,
      324.48961424332344
    ],
    [
      328.5,
      354.23114754098356
    ]
  ],
  "coal": [
    [
      72.33458960858616,
      -14.216327074274716
    ],
    [
      -473.8817204301075,
      -179.747311827957
    ],
    [
      -346.576,
      -165.476
    ],
    [
      -47.71304347826083,
      -151.6478260869565
    ],
    [
      -172.51538461538462,
      -125.21538461538461
    ],
    [
      619.6582278481012,
      -132.41139240506328
    ],
    [
      -83.33695652173913,
      -109.45652173913044
    ],
    [
      52.96982758620686,
      -47.693965517241395
    ],
    [
      -449.9878048780488,
      -17.54878048780489
    ],
    [
      179.49350649350652,
      285.5
    ],
    [
      205.5,
      288.70000000000005
    ],
    [
      236.90277777777783,
      325.6111111111111
    ],
    [
      179.37704918032784,
      323.20491803278685
    ],
    [
      208.85840707964599,
      353.0132743362832
    ],
    [
      177.76470588235293,
      352.9117647058823
    ]
  ],
  "stone": [
    [
      578.0,
      -286.5
    ],
    [
      529.5394646533973,
      -199.1204529855868
    ],
    [
      619.5683553088134,
      -199.14330326162388
    ],
    [
      499.4448818897638,
      -168.41732283464566
    ],
    [
      529.4409937888199,
      -167.68478260869566
    ],
    [
      559.1726907630523,
      -167.79317269076304
    ],
    [
      589.5254777070063,
      -167.78343949044586
    ],
    [
      619.8389513108614,
      -167.8988764044944
    ],
    [
      649.7533112582782,
      -167.60927152317882
    ],
    [
      499.4905660377358,
      -137.3507718696398
    ],
    [
      529.5516605166051,
      -137.43173431734317
    ],
    [
      559.2745762711863,
      -137.90847457627117
    ],
    [
      589.0105078809106,
      -137.69789842381786
    ],
    [
      619.5717017208412,
      -138.17304015296367
    ],
    [
      -234.79710144927537,
      -125.57246376811594
    ],
    [
      -296.05555555555554,
      -84.16666666666669
    ],
    [
      -54.0,
      58.5
    ],
    [
      -296.725,
      43.11250000000001
    ],
    [
      -320.73737373737373,
      98.10606060606062
    ],
    [
      -187.5,
      101.5
    ],
    [
      -172.49932885906043,
      323.5080536912752
    ],
    [
      238.60703363914376,
      323.24006116207954
    ],
    [
      268.4754098360655,
      323.55216095380035
    ],
    [
      388.7125220458554,
      323.4506172839506
    ],
    [
      -172.50067842605154,
      353.5013568521031
    ],
    [
      178.5494978479196,
      353.5157819225251
    ],
    [
      207.84040590405903,
      353.99630996309963
    ],
    [
      238.76036866359448,
      353.31874039938555
    ],
    [
      358.890814558059,
      352.9540727902946
    ],
    [
      388.66552901023897,
      353.3037542662116
    ],
    [
      283.5,
      369.5
    ]
  ],
  "oil": [
    [
      106.39215686274508,
      320.42156862745094
    ]
  ],
  "uranium": [
    [
      -277.3644859813084,
      -131.55607476635515
    ],
    [
      328.5,
      323.4222972972973
    ]
  ]
}